<metadata xml:lang="es"><Esri><CreaDate>20190314</CreaDate><CreaTime>08355100</CreaTime><ArcGISFormat>1.0</ArcGISFormat><SyncOnce>FALSE</SyncOnce><DataProperties><itemProps><itemName Sync="TRUE">OT_PROV_ABRIL_2019</itemName><imsContentType Sync="TRUE">002</imsContentType><itemLocation><linkage Sync="TRUE">file://\\CONALI-DT-015\E$\DIAGNOSTICOS\DIAG_EQUIPO_TEC\DIAGNOSTICOS TRANSMITIDOS AL EQUIPO TECNICO\2019\LIM_ABRIL_2019\OT_PROV_ABRIL_2019.shp</linkage><protocol Sync="TRUE">Local Area Network</protocol></itemLocation><itemSize Sync="TRUE">0.000</itemSize></itemProps><coordRef><type Sync="TRUE">Projected</type><geogcsn Sync="TRUE">GCS_WGS_1984</geogcsn><csUnits Sync="TRUE">Linear Unit: Meter (1.000000)</csUnits><projcsn Sync="TRUE">WGS_1984_UTM_Zone_17S</projcsn><peXml Sync="TRUE">&lt;ProjectedCoordinateSystem xsi:type='typens:ProjectedCoordinateSystem' xmlns:xsi='http://www.w3.org/2001/XMLSchema-instance' xmlns:xs='http://www.w3.org/2001/XMLSchema' xmlns:typens='http://www.esri.com/schemas/ArcGIS/10.1'&gt;&lt;WKT&gt;PROJCS[&amp;quot;WGS_1984_UTM_Zone_17S&amp;quot;,GEOGCS[&amp;quot;GCS_WGS_1984&amp;quot;,DATUM[&amp;quot;D_WGS_1984&amp;quot;,SPHEROID[&amp;quot;WGS_1984&amp;quot;,6378137.0,298.257223563]],PRIMEM[&amp;quot;Greenwich&amp;quot;,0.0],UNIT[&amp;quot;Degree&amp;quot;,0.0174532925199433]],PROJECTION[&amp;quot;Transverse_Mercator&amp;quot;],PARAMETER[&amp;quot;False_Easting&amp;quot;,500000.0],PARAMETER[&amp;quot;False_Northing&amp;quot;,10000000.0],PARAMETER[&amp;quot;Central_Meridian&amp;quot;,-81.0],PARAMETER[&amp;quot;Scale_Factor&amp;quot;,0.9996],PARAMETER[&amp;quot;Latitude_Of_Origin&amp;quot;,0.0],UNIT[&amp;quot;Meter&amp;quot;,1.0],AUTHORITY[&amp;quot;EPSG&amp;quot;,32717]]&lt;/WKT&gt;&lt;XOrigin&gt;-5120900&lt;/XOrigin&gt;&lt;YOrigin&gt;1900&lt;/YOrigin&gt;&lt;XYScale&gt;450445547.3910538&lt;/XYScale&gt;&lt;ZOrigin&gt;-100000&lt;/ZOrigin&gt;&lt;ZScale&gt;10000&lt;/ZScale&gt;&lt;MOrigin&gt;-100000&lt;/MOrigin&gt;&lt;MScale&gt;10000&lt;/MScale&gt;&lt;XYTolerance&gt;0.001&lt;/XYTolerance&gt;&lt;ZTolerance&gt;0.001&lt;/ZTolerance&gt;&lt;MTolerance&gt;0.001&lt;/MTolerance&gt;&lt;HighPrecision&gt;true&lt;/HighPrecision&gt;&lt;WKID&gt;32717&lt;/WKID&gt;&lt;LatestWKID&gt;32717&lt;/LatestWKID&gt;&lt;/ProjectedCoordinateSystem&gt;</peXml></coordRef><lineage><Process ToolSource="c:\program files (x86)\arcgis\desktop10.2\ArcToolbox\Toolboxes\Data Management Tools.tbx\CalculateField" Date="20180925" Time="140225">CalculateField TP\TP_LIM_AGOSTO_2018 trm "SAN JUAN - PUEBLOVIEJO" VB #</Process><Process ToolSource="c:\program files (x86)\arcgis\desktop10.2\ArcToolbox\Toolboxes\Data Management Tools.tbx\CalculateField" Date="20180927" Time="085418">CalculateField TP\TP_LIM_AGOSTO_2018 fuente_tit "ORDENANZA MUNICIPAL QUE CREA LA PARROQUIA RURAL NUEVA TRONCAL EN LA JURISDICCION DEL CANTON CASCALES PUBLICADA EN EL RO 547 EL 19 DE SEPTIEMBRE DE 2018" VB #</Process><Process ToolSource="c:\program files (x86)\arcgis\desktop10.2\ArcToolbox\Toolboxes\Data Management Tools.tbx\CalculateField" Date="20181004" Time="100457">CalculateField TP\TP_LIM_SEPT_2018 elt "ACUERDO DE LAS PARTES" VB #</Process><Process ToolSource="c:\program files (x86)\arcgis\desktop10.2\ArcToolbox\Toolboxes\Data Management Tools.tbx\CalculateField" Date="20181012" Time="151032">CalculateField TP\TP_LIM_SEPT_2018 ESCALA "1:50.000" VB #</Process><Process ToolSource="c:\program files (x86)\arcgis\desktop10.2\ArcToolbox\Toolboxes\Data Management Tools.tbx\CalculateField" Date="20181012" Time="151300">CalculateField TP\TP_LIM_SEPT_2018 ESCALA "1:5.000" VB #</Process><Process ToolSource="c:\program files (x86)\arcgis\desktop10.2\ArcToolbox\Toolboxes\Data Management Tools.tbx\CalculateField" Date="20181012" Time="151838">CalculateField TP\TP_LIM_SEPT_2018 BASE_CARTO "IGM-CONTINUA" VB #</Process><Process ToolSource="c:\program files (x86)\arcgis\desktop10.2\ArcToolbox\Toolboxes\Data Management Tools.tbx\CalculateField" Date="20181012" Time="151853">CalculateField TP\TP_LIM_SEPT_2018 ESCALA "1:50.000" VB #</Process><Process ToolSource="c:\program files (x86)\arcgis\desktop10.2\ArcToolbox\Toolboxes\Data Management Tools.tbx\CalculateField" Date="20181012" Time="151955">CalculateField TP\TP_LIM_SEPT_2018 ESCALA "1:5.000" VB #</Process><Process ToolSource="c:\program files (x86)\arcgis\desktop10.2\ArcToolbox\Toolboxes\Data Management Tools.tbx\CalculateField" Date="20181012" Time="153112">CalculateField TP\TP_LIM_SEPT_2018 ESCALA "1:50.000" VB #</Process><Process ToolSource="c:\program files (x86)\arcgis\desktop10.2\ArcToolbox\Toolboxes\Data Management Tools.tbx\CalculateField" Date="20181012" Time="153127">CalculateField TP\TP_LIM_SEPT_2018 BASE_CARTO "IGM-CONTINUA" VB #</Process><Process ToolSource="c:\program files (x86)\arcgis\desktop10.2\ArcToolbox\Toolboxes\Data Management Tools.tbx\CalculateField" Date="20181012" Time="153220">CalculateField TP\TP_LIM_SEPT_2018 BASE_CARTO "IGM-CONTINUA" VB #</Process><Process ToolSource="c:\program files (x86)\arcgis\desktop10.2\ArcToolbox\Toolboxes\Data Management Tools.tbx\CalculateField" Date="20181012" Time="153803">CalculateField TP\TP_LIM_SEPT_2018 ESCALA "1:50.000" VB #</Process><Process ToolSource="c:\program files (x86)\arcgis\desktop10.2\ArcToolbox\Toolboxes\Data Management Tools.tbx\CalculateField" Date="20181015" Time="095854">CalculateField TP\TP_LIM_SEPT_2018 CANTON "TISALEO" VB #</Process><Process ToolSource="c:\program files (x86)\arcgis\desktop10.2\ArcToolbox\Toolboxes\Data Management Tools.tbx\CalculateField" Date="20181015" Time="160853">CalculateField TP\TP_LIM_SEPT_2018 RESPONSABL "ALEXIS FLORES" VB #</Process><Process ToolSource="c:\program files (x86)\arcgis\desktop10.2\ArcToolbox\Toolboxes\Data Management Tools.tbx\CalculateField" Date="20181015" Time="160941">CalculateField TP\TP_LIM_SEPT_2018 RESPONSABL "ANDRES CARRANCO" VB #</Process><Process ToolSource="c:\program files (x86)\arcgis\desktop10.2\ArcToolbox\Toolboxes\Data Management Tools.tbx\CalculateField" Date="20181015" Time="161015">CalculateField TP\TP_LIM_SEPT_2018 RESPONSABL "BRYAN SANCHEZ" VB #</Process><Process ToolSource="c:\program files (x86)\arcgis\desktop10.2\ArcToolbox\Toolboxes\Data Management Tools.tbx\CalculateField" Date="20181015" Time="161156">CalculateField TP\TP_LIM_SEPT_2018 RESPONSABL "DALIA PAREDES" VB #</Process><Process ToolSource="c:\program files (x86)\arcgis\desktop10.2\ArcToolbox\Toolboxes\Data Management Tools.tbx\CalculateField" Date="20181015" Time="161252">CalculateField TP\TP_LIM_SEPT_2018 RESPONSABL "FRANKLIN VILLAMARIN" VB #</Process><Process ToolSource="c:\program files (x86)\arcgis\desktop10.2\ArcToolbox\Toolboxes\Data Management Tools.tbx\CalculateField" Date="20181015" Time="161412">CalculateField TP\TP_LIM_SEPT_2018 RESPONSABL "GABRIELA CARDENAS" VB #</Process><Process ToolSource="c:\program files (x86)\arcgis\desktop10.2\ArcToolbox\Toolboxes\Data Management Tools.tbx\CalculateField" Date="20181015" Time="161504">CalculateField TP\TP_LIM_SEPT_2018 RESPONSABL "FRANKLIN VILLAMARIN" VB #</Process><Process ToolSource="c:\program files (x86)\arcgis\desktop10.2\ArcToolbox\Toolboxes\Data Management Tools.tbx\CalculateField" Date="20181015" Time="161539">CalculateField TP\TP_LIM_SEPT_2018 RESPONSABL "DIANA SUAREZ" VB #</Process><Process ToolSource="c:\program files (x86)\arcgis\desktop10.2\ArcToolbox\Toolboxes\Data Management Tools.tbx\CalculateField" Date="20181015" Time="161626">CalculateField TP\TP_LIM_SEPT_2018 RESPONSABL "IVAN VINUEZA" VB #</Process><Process ToolSource="c:\program files (x86)\arcgis\desktop10.2\ArcToolbox\Toolboxes\Data Management Tools.tbx\CalculateField" Date="20181022" Time="121148">CalculateField "New Group Layer\LIM_OCT_2018" elt "ACUERDO DE LAS PARTES" VB #</Process><Process ToolSource="c:\program files (x86)\arcgis\desktop10.2\ArcToolbox\Toolboxes\Data Management Tools.tbx\CalculateField" Date="20181107" Time="122117">CalculateField TP\TP_OCT elt "ACUERDO EJECUTIVO" VB #</Process><Process ToolSource="c:\program files (x86)\arcgis\desktop10.2\ArcToolbox\Toolboxes\Data Management Tools.tbx\CalculateField" Date="20181107" Time="122147">CalculateField TP\TP_OCT fuente_tit "ACUERDO EJECUTIVO N 86 QUE APRUEBA LA ORDENANZA MUNICIPAL DE CREACIÓN DE LA PARROQUIA DE SANTA ROSA EN EL CANTON SANTA CRUZ PUBLICADA EN EL RO 86 EL 11 DE DICIEMBRE DE 1996" VB #</Process><Process ToolSource="c:\program files (x86)\arcgis\desktop10.2\ArcToolbox\Toolboxes\Data Management Tools.tbx\CalculateField" Date="20181128" Time="092538">CalculateField TP\TP_NOV_1 fuente_tit "ORDENANZA DE CREACION DE LA PARROQUIA RURAL EL PARAISO LA 14 PUBLICADA EN EL RO 642 DE FECHA 26 DE NOVIEMBRE DE 2018" VB #</Process><Process ToolSource="c:\program files (x86)\arcgis\desktop10.2\ArcToolbox\Toolboxes\Data Management Tools.tbx\CalculateField" Date="20181128" Time="092639">CalculateField TP\TP_NOV_1 fuente_tit "ORDENANZA DE CREACION DE LA PARROQUIA RURAL SANTA MARIA PUBLICADA EN EL RO 639 DE FECHA 23 DE NOVIEMBRE DE 2018" VB #</Process><Process ToolSource="c:\program files (x86)\arcgis\desktop10.2\ArcToolbox\Toolboxes\Data Management Tools.tbx\CalculateField" Date="20181128" Time="092707">CalculateField TP\TP_NOV_1 not_ "PARROQUIAL" VB #</Process><Process ToolSource="c:\program files (x86)\arcgis\desktop10.2\ArcToolbox\Toolboxes\Data Management Tools.tbx\CalculateField" Date="20181128" Time="092826">CalculateField TP\TP_NOV_1 elt "ORDENANZA MUNICIPAL" VB #</Process><Process ToolSource="c:\program files (x86)\arcgis\desktop10.2\ArcToolbox\Toolboxes\Data Management Tools.tbx\CalculateField" Date="20181128" Time="092839">CalculateField TP\TP_NOV_1 not_ "PARROQUIAL" VB #</Process><Process ToolSource="c:\program files (x86)\arcgis\desktop10.2\ArcToolbox\Toolboxes\Data Management Tools.tbx\CalculateField" Date="20181128" Time="092916">CalculateField TP\TP_NOV_1 elt "ORDENANZA MUNICIPAL" VB #</Process><Process ToolSource="c:\program files (x86)\arcgis\desktop10.2\ArcToolbox\Toolboxes\Data Management Tools.tbx\CalculateField" Date="20181128" Time="094833">CalculateField TP\TP_NOV_1 elt "ORDENANZA MUNICIPAL" VB #</Process><Process ToolSource="c:\program files (x86)\arcgis\desktop10.2\ArcToolbox\Toolboxes\Data Management Tools.tbx\CalculateField" Date="20181128" Time="094854">CalculateField TP\TP_NOV_1 not_ "PARROQUIAL" VB #</Process><Process ToolSource="c:\program files (x86)\arcgis\desktop10.2\ArcToolbox\Toolboxes\Data Management Tools.tbx\CalculateField" Date="20181128" Time="094931">CalculateField TP\TP_NOV_1 fuente_tit "ORDENANZA DE CREACION DE LA PARROQUIA RURAL EL PARAISO LA 14 PUBLICADA EN EL RO 642 DE FECHA 26 DE NOVIEMBRE DE 2018" VB #</Process><Process ToolSource="c:\program files (x86)\arcgis\desktop10.2\ArcToolbox\Toolboxes\Data Management Tools.tbx\CalculateField" Date="20181128" Time="103538">CalculateField TP\TP_NOV_1 fuente_tit "CONALI 2018" VB #</Process><Process ToolSource="c:\program files (x86)\arcgis\desktop10.2\ArcToolbox\Toolboxes\Data Management Tools.tbx\CalculateField" Date="20181128" Time="103559">CalculateField TP\TP_NOV_1 BASE_CARTO "IGM-CONTINUA" VB #</Process><Process ToolSource="c:\program files (x86)\arcgis\desktop10.2\ArcToolbox\Toolboxes\Data Management Tools.tbx\CalculateField" Date="20181211" Time="112107">CalculateField TP\TP_NOV_2 fuente_tit "ACUERDO MINISTERIAL N°916 QUE APRUEBA LA ORDENANZA DE RECTIFICACION DE LIMITES PARROQUIALES DE AZOGUEZ, PUBLICADO EN EL R.O. 766 DE FECHA 15 DE JUNIO DE 1984 Y ACTA DE ACUERDO DE FECHA 24 DE MARZO DE 2015" VB #</Process><Process ToolSource="c:\program files (x86)\arcgis\desktop10.2\ArcToolbox\Toolboxes\Data Management Tools.tbx\CalculateField" Date="20181211" Time="112127">CalculateField TP\TP_NOV_2 elt "ACUERDO MINISTERIAL" VB #</Process><Process ToolSource="c:\program files (x86)\arcgis\desktop10.2\ArcToolbox\Toolboxes\Data Management Tools.tbx\CalculateField" Date="20190204" Time="084747">CalculateField TP\TP_NOV_2 trm "PUERTO BOLIVAR (PUERTO MONTUFAR)-SANSAGUARI" VB #</Process><Process ToolSource="c:\program files (x86)\arcgis\desktop10.2\ArcToolbox\Toolboxes\Data Management Tools.tbx\CalculateField" Date="20190401" Time="084630">CalculateField TP_ABRIL\TP_MARZO trm "CARCHI - SUCUMBÍOS" VB #</Process><Process ToolSource="c:\program files (x86)\arcgis\desktop10.2\ArcToolbox\Toolboxes\Data Management Tools.tbx\CalculateField" Date="20190401" Time="085452">CalculateField TP_ABRIL\TP_MARZO trm "IMBABURA - SUCUMBÍOS" VB #</Process><Process ToolSource="c:\program files (x86)\arcgis\desktop10.2\ArcToolbox\Toolboxes\Data Management Tools.tbx\CalculateField" Date="20190401" Time="085554">CalculateField TP_ABRIL\TP_MARZO trm "PICHINCHA - SUCUMBÍOS" VB #</Process><Process ToolSource="c:\program files (x86)\arcgis\desktop10.2\ArcToolbox\Toolboxes\Data Management Tools.tbx\CalculateField" Date="20190401" Time="085733">CalculateField TP_ABRIL\TP_MARZO trm "PICHINCHA - SANTO DOMINGO DE LOS TSÁCHILAS" VB #</Process><Process ToolSource="c:\program files (x86)\arcgis\desktop10.2\ArcToolbox\Toolboxes\Data Management Tools.tbx\CalculateField" Date="20190401" Time="085827">CalculateField TP_ABRIL\TP_MARZO trm "ESMERALDAS - SANTO DOMINGO DE LOS TSÁCHILAS" VB #</Process><Process ToolSource="c:\program files (x86)\arcgis\desktop10.2\ArcToolbox\Toolboxes\Data Management Tools.tbx\CalculateField" Date="20190401" Time="085911">CalculateField TP_ABRIL\TP_MARZO trm "ESMERALDAS - MANABÍ" VB #</Process><Process ToolSource="c:\program files (x86)\arcgis\desktop10.2\ArcToolbox\Toolboxes\Data Management Tools.tbx\CalculateField" Date="20190401" Time="085933">CalculateField TP_ABRIL\TP_MARZO trm "SUCUMBÍOS - NAPO" VB #</Process><Process ToolSource="c:\program files (x86)\arcgis\desktop10.2\ArcToolbox\Toolboxes\Data Management Tools.tbx\CalculateField" Date="20190401" Time="090001">CalculateField TP_ABRIL\TP_MARZO trm "SUCUMBÍOS - ORELLANA" VB #</Process><Process ToolSource="c:\program files (x86)\arcgis\desktop10.2\ArcToolbox\Toolboxes\Data Management Tools.tbx\CalculateField" Date="20190401" Time="090135">CalculateField TP_ABRIL\TP_MARZO trm "SANTO DOMINGO DE LOS TSÁCHILAS - COTOPAXI" VB #</Process><Process ToolSource="c:\program files (x86)\arcgis\desktop10.2\ArcToolbox\Toolboxes\Data Management Tools.tbx\CalculateField" Date="20190401" Time="090245">CalculateField TP_ABRIL\TP_MARZO trm "SANTO DOMINGO DE LOS TSÁCHILAS - LOS RÍOS" VB #</Process><Process ToolSource="c:\program files (x86)\arcgis\desktop10.2\ArcToolbox\Toolboxes\Data Management Tools.tbx\CalculateField" Date="20190401" Time="090329">CalculateField TP_ABRIL\TP_MARZO trm "SANTO DOMINGO DE LOS TSÁCHILAS - MANABÍ" VB #</Process><Process ToolSource="c:\program files (x86)\arcgis\desktop10.2\ArcToolbox\Toolboxes\Data Management Tools.tbx\CalculateField" Date="20190401" Time="090549">CalculateField TP_ABRIL\TP_MARZO trm "COTOPAXI - BOLÍVAR" VB #</Process><Process ToolSource="c:\program files (x86)\arcgis\desktop10.2\ArcToolbox\Toolboxes\Data Management Tools.tbx\CalculateField" Date="20190401" Time="090619">CalculateField TP_ABRIL\TP_MARZO trm "COTOPAXI - LOS RÍOS" VB #</Process><Process ToolSource="c:\program files (x86)\arcgis\desktop10.2\ArcToolbox\Toolboxes\Data Management Tools.tbx\CalculateField" Date="20190401" Time="090756">CalculateField TP_ABRIL\TP_MARZO trm "TUNGURAHUA -  BOLÍVAR" VB #</Process><Process ToolSource="c:\program files (x86)\arcgis\desktop10.2\ArcToolbox\Toolboxes\Data Management Tools.tbx\CalculateField" Date="20190401" Time="090826">CalculateField TP_ABRIL\TP_MARZO trm "BOLÍVAR - CHIMBORAZO" VB #</Process><Process ToolSource="c:\program files (x86)\arcgis\desktop10.2\ArcToolbox\Toolboxes\Data Management Tools.tbx\CalculateField" Date="20190401" Time="090857">CalculateField TP_ABRIL\TP_MARZO trm "BOLÍVAR - GUAYAS" VB #</Process><Process ToolSource="c:\program files (x86)\arcgis\desktop10.2\ArcToolbox\Toolboxes\Data Management Tools.tbx\CalculateField" Date="20190401" Time="090931">CalculateField TP_ABRIL\TP_MARZO trm "BOLÍVAR - LOS RÍOS" VB #</Process><Process ToolSource="c:\program files (x86)\arcgis\desktop10.2\ArcToolbox\Toolboxes\Data Management Tools.tbx\CalculateField" Date="20190401" Time="091000">CalculateField TP_ABRIL\TP_MARZO trm "GUAYAS - LOS RÍOS" VB #</Process><Process ToolSource="c:\program files (x86)\arcgis\desktop10.2\ArcToolbox\Toolboxes\Data Management Tools.tbx\CalculateField" Date="20190401" Time="091029">CalculateField TP_ABRIL\TP_MARZO trm "MANABÍ - LOS RÍOS" VB #</Process><Process ToolSource="c:\program files (x86)\arcgis\desktop10.2\ArcToolbox\Toolboxes\Data Management Tools.tbx\CalculateField" Date="20190401" Time="091101">CalculateField TP_ABRIL\TP_MARZO trm "MANABÍ - GUAYAS" VB #</Process><Process ToolSource="c:\program files (x86)\arcgis\desktop10.2\ArcToolbox\Toolboxes\Data Management Tools.tbx\CalculateField" Date="20190401" Time="091138">CalculateField TP_ABRIL\TP_MARZO trm "MANABÍ - SANTA ELENA" VB #</Process><Process ToolSource="c:\program files (x86)\arcgis\desktop10.2\ArcToolbox\Toolboxes\Data Management Tools.tbx\CalculateField" Date="20190401" Time="094055">CalculateField TP_ABRIL\TP_MARZO trm "GUALACEO - SÍGSIG" VB #</Process><Process ToolSource="c:\program files (x86)\arcgis\desktop10.2\ArcToolbox\Toolboxes\Data Management Tools.tbx\CalculateField" Date="20190401" Time="094146">CalculateField TP_ABRIL\TP_MARZO trm "CUENCA- GIRÓN" VB #</Process><Process ToolSource="c:\program files (x86)\arcgis\desktop10.2\ArcToolbox\Toolboxes\Data Management Tools.tbx\CalculateField" Date="20190401" Time="094216">CalculateField TP_ABRIL\TP_MARZO trm "CUENCA- SÍGSIG" VB #</Process><Process ToolSource="c:\program files (x86)\arcgis\desktop10.2\ArcToolbox\Toolboxes\Data Management Tools.tbx\CalculateField" Date="20190401" Time="094254">CalculateField TP_ABRIL\TP_MARZO trm "CAMILO PONCE ENRÍQUEZ- PUCARÁ" VB #</Process><Process ToolSource="c:\program files (x86)\arcgis\desktop10.2\ArcToolbox\Toolboxes\Data Management Tools.tbx\CalculateField" Date="20190401" Time="094328">CalculateField TP_ABRIL\TP_MARZO trm "SANTA ISABEL- PUCARÁ" VB #</Process><Process ToolSource="c:\program files (x86)\arcgis\desktop10.2\ArcToolbox\Toolboxes\Data Management Tools.tbx\CalculateField" Date="20190401" Time="094433">CalculateField TP_ABRIL\TP_MARZO trm "SAN FERNANDO- GIRÓN" VB #</Process><Process ToolSource="c:\program files (x86)\arcgis\desktop10.2\ArcToolbox\Toolboxes\Data Management Tools.tbx\CalculateField" Date="20190401" Time="094502">CalculateField TP_ABRIL\TP_MARZO trm "SÍGSIG- GIRÓN" VB #</Process><Process ToolSource="c:\program files (x86)\arcgis\desktop10.2\ArcToolbox\Toolboxes\Data Management Tools.tbx\CalculateField" Date="20190401" Time="094535">CalculateField TP_ABRIL\TP_MARZO trm "CHORDELEG-SÍGSIG" VB #</Process><Process ToolSource="c:\program files (x86)\arcgis\desktop10.2\ArcToolbox\Toolboxes\Data Management Tools.tbx\CalculateField" Date="20190401" Time="094607">CalculateField TP_ABRIL\TP_MARZO trm "GIRÓN - SANTA ISABEL" VB #</Process><Process ToolSource="c:\program files (x86)\arcgis\desktop10.2\ArcToolbox\Toolboxes\Data Management Tools.tbx\CalculateField" Date="20190401" Time="095003">CalculateField TP_ABRIL\TP_MARZO trm "GIRÓN- NABÓN" VB #</Process><Process ToolSource="c:\program files (x86)\arcgis\desktop10.2\ArcToolbox\Toolboxes\Data Management Tools.tbx\CalculateField" Date="20190401" Time="095106">CalculateField TP_ABRIL\TP_MARZO trm "SANTA ISABEL - NABÓN" VB #</Process><Process ToolSource="c:\program files (x86)\arcgis\desktop10.2\ArcToolbox\Toolboxes\Data Management Tools.tbx\CalculateField" Date="20190401" Time="095154">CalculateField TP_ABRIL\TP_MARZO trm "NABÓN-SÍGSIG" VB #</Process><Process ToolSource="c:\program files (x86)\arcgis\desktop10.2\ArcToolbox\Toolboxes\Data Management Tools.tbx\CalculateField" Date="20190401" Time="095203">CalculateField TP_ABRIL\TP_MARZO trm "NABÓN - SÍGSIG" VB #</Process><Process ToolSource="c:\program files (x86)\arcgis\desktop10.2\ArcToolbox\Toolboxes\Data Management Tools.tbx\CalculateField" Date="20190401" Time="095248">CalculateField TP_ABRIL\TP_MARZO trm "OÑA - NABÓN" VB #</Process><Process ToolSource="c:\program files (x86)\arcgis\desktop10.2\ArcToolbox\Toolboxes\Data Management Tools.tbx\CalculateField" Date="20190401" Time="095453">CalculateField TP_ABRIL\TP_MARZO trm "ECHEANDÍA - GUARANDA" VB #</Process><Process ToolSource="c:\program files (x86)\arcgis\desktop10.2\ArcToolbox\Toolboxes\Data Management Tools.tbx\CalculateField" Date="20190401" Time="095519">CalculateField TP_ABRIL\TP_MARZO trm "CALUMA - ECHEANDÍA" VB #</Process><Process ToolSource="c:\program files (x86)\arcgis\desktop10.2\ArcToolbox\Toolboxes\Data Management Tools.tbx\CalculateField" Date="20190401" Time="095633">CalculateField TP_ABRIL\TP_MARZO trm "CHILLANES - SAN MIGUEL" VB #</Process><Process ToolSource="c:\program files (x86)\arcgis\desktop10.2\ArcToolbox\Toolboxes\Data Management Tools.tbx\CalculateField" Date="20190401" Time="095850">CalculateField TP_ABRIL\TP_MARZO trm "BIBLIÁN - CAÑAR" VB #</Process><Process ToolSource="c:\program files (x86)\arcgis\desktop10.2\ArcToolbox\Toolboxes\Data Management Tools.tbx\CalculateField" Date="20190401" Time="095919">CalculateField TP_ABRIL\TP_MARZO trm "AZOGUES - BIBLIÁN" VB #</Process><Process ToolSource="c:\program files (x86)\arcgis\desktop10.2\ArcToolbox\Toolboxes\Data Management Tools.tbx\CalculateField" Date="20190401" Time="095953">CalculateField TP_ABRIL\TP_MARZO trm "BIBLIÁN- DÉLEG" VB #</Process><Process ToolSource="c:\program files (x86)\arcgis\desktop10.2\ArcToolbox\Toolboxes\Data Management Tools.tbx\CalculateField" Date="20190401" Time="100021">CalculateField TP_ABRIL\TP_MARZO trm "AZOGUES - DÉLEG" VB #</Process><Process ToolSource="c:\program files (x86)\arcgis\desktop10.2\ArcToolbox\Toolboxes\Data Management Tools.tbx\CalculateField" Date="20190401" Time="100217">CalculateField TP_ABRIL\TP_MARZO trm "TULCÁN - MIRA" VB #</Process><Process ToolSource="c:\program files (x86)\arcgis\desktop10.2\ArcToolbox\Toolboxes\Data Management Tools.tbx\CalculateField" Date="20190401" Time="100244">CalculateField TP_ABRIL\TP_MARZO trm "TULCÁN - ESPEJO" VB #</Process><Process ToolSource="c:\program files (x86)\arcgis\desktop10.2\ArcToolbox\Toolboxes\Data Management Tools.tbx\CalculateField" Date="20190401" Time="100315">CalculateField TP_ABRIL\TP_MARZO trm "TULCÁN - MONTÚFAR" VB #</Process><Process ToolSource="c:\program files (x86)\arcgis\desktop10.2\ArcToolbox\Toolboxes\Data Management Tools.tbx\CalculateField" Date="20190401" Time="100348">CalculateField TP_ABRIL\TP_MARZO trm "TULCÁN - SAN PEDRO DE HUACA" VB #</Process><Process ToolSource="c:\program files (x86)\arcgis\desktop10.2\ArcToolbox\Toolboxes\Data Management Tools.tbx\CalculateField" Date="20190401" Time="100413">CalculateField TP_ABRIL\TP_MARZO trm "MIRA - ESPEJO" VB #</Process><Process ToolSource="c:\program files (x86)\arcgis\desktop10.2\ArcToolbox\Toolboxes\Data Management Tools.tbx\CalculateField" Date="20190401" Time="102228">CalculateField TP_ABRIL\TP_MARZO trm "ESPEJO - MONTÚFAR" VB #</Process><Process ToolSource="c:\program files (x86)\arcgis\desktop10.2\ArcToolbox\Toolboxes\Data Management Tools.tbx\CalculateField" Date="20190401" Time="102302">CalculateField TP_ABRIL\TP_MARZO trm "MONTÚFAR - SAN PEDRO DE HUACA" VB #</Process><Process ToolSource="c:\program files (x86)\arcgis\desktop10.2\ArcToolbox\Toolboxes\Data Management Tools.tbx\CalculateField" Date="20190401" Time="102403">CalculateField TP_ABRIL\TP_MARZO trm "BOLÍVAR - MONTÚFAR" VB #</Process><Process ToolSource="c:\program files (x86)\arcgis\desktop10.2\ArcToolbox\Toolboxes\Data Management Tools.tbx\CalculateField" Date="20190401" Time="102435">CalculateField TP_ABRIL\TP_MARZO trm "BOLÍVAR - ESPEJO" VB #</Process><Process ToolSource="c:\program files (x86)\arcgis\desktop10.2\ArcToolbox\Toolboxes\Data Management Tools.tbx\CalculateField" Date="20190401" Time="102726">CalculateField TP_ABRIL\TP_MARZO trm "LA MANÁ - SIGCHOS" VB #</Process><Process ToolSource="c:\program files (x86)\arcgis\desktop10.2\ArcToolbox\Toolboxes\Data Management Tools.tbx\CalculateField" Date="20190401" Time="102752">CalculateField TP_ABRIL\TP_MARZO trm "LATACUNGA - SIGCHOS" VB #</Process><Process ToolSource="c:\program files (x86)\arcgis\desktop10.2\ArcToolbox\Toolboxes\Data Management Tools.tbx\CalculateField" Date="20190401" Time="102834">CalculateField TP_ABRIL\TP_MARZO trm "SAQUISILÍ - SIGCHOS" VB #</Process><Process ToolSource="c:\program files (x86)\arcgis\desktop10.2\ArcToolbox\Toolboxes\Data Management Tools.tbx\CalculateField" Date="20190401" Time="102910">CalculateField TP_ABRIL\TP_MARZO trm "LATACUNGA - SAQUISILÍ" VB #</Process><Process ToolSource="c:\program files (x86)\arcgis\desktop10.2\ArcToolbox\Toolboxes\Data Management Tools.tbx\CalculateField" Date="20190401" Time="102946">CalculateField TP_ABRIL\TP_MARZO trm "LA MANÁ - PUJILÍ" VB #</Process><Process ToolSource="c:\program files (x86)\arcgis\desktop10.2\ArcToolbox\Toolboxes\Data Management Tools.tbx\CalculateField" Date="20190401" Time="103033">CalculateField TP_ABRIL\TP_MARZO trm "PUJILÍ - SIGCHOS" VB #</Process><Process ToolSource="c:\program files (x86)\arcgis\desktop10.2\ArcToolbox\Toolboxes\Data Management Tools.tbx\CalculateField" Date="20190401" Time="103206">CalculateField TP_ABRIL\TP_MARZO trm "LATACUNGA - PUJILÍ" VB #</Process><Process ToolSource="c:\program files (x86)\arcgis\desktop10.2\ArcToolbox\Toolboxes\Data Management Tools.tbx\CalculateField" Date="20190401" Time="103237">CalculateField TP_ABRIL\TP_MARZO trm "PANGUA - PUJILÍ" VB #</Process><Process ToolSource="c:\program files (x86)\arcgis\desktop10.2\ArcToolbox\Toolboxes\Data Management Tools.tbx\CalculateField" Date="20190401" Time="103311">CalculateField TP_ABRIL\TP_MARZO trm "PUJILÍ - SALCEDO" VB #</Process><Process ToolSource="c:\program files (x86)\arcgis\desktop10.2\ArcToolbox\Toolboxes\Data Management Tools.tbx\CalculateField" Date="20190401" Time="103617">CalculateField TP_ABRIL\TP_MARZO trm "ALAUSÍ - GUAMOTE" VB #</Process><Process ToolSource="c:\program files (x86)\arcgis\desktop10.2\ArcToolbox\Toolboxes\Data Management Tools.tbx\CalculateField" Date="20190401" Time="103639">CalculateField TP_ABRIL\TP_MARZO trm "PALLATANGA - ALAUSÍ" VB #</Process><Process ToolSource="c:\program files (x86)\arcgis\desktop10.2\ArcToolbox\Toolboxes\Data Management Tools.tbx\CalculateField" Date="20190401" Time="103711">CalculateField TP_ABRIL\TP_MARZO trm "CUMANDÁ - ALAUSÍ" VB #</Process><Process ToolSource="c:\program files (x86)\arcgis\desktop10.2\ArcToolbox\Toolboxes\Data Management Tools.tbx\CalculateField" Date="20190401" Time="103749">CalculateField TP_ABRIL\TP_MARZO trm "CHUNCHI - ALAUSÍ" VB #</Process><Process ToolSource="c:\program files (x86)\arcgis\desktop10.2\ArcToolbox\Toolboxes\Data Management Tools.tbx\CalculateField" Date="20190401" Time="104105">CalculateField TP_ABRIL\TP_MARZO trm "ARENILLAS - HUAQUILLAS" VB #</Process><Process ToolSource="c:\program files (x86)\arcgis\desktop10.2\ArcToolbox\Toolboxes\Data Management Tools.tbx\CalculateField" Date="20190401" Time="104347">CalculateField TP_ABRIL\TP_MARZO trm "LAS LAJAS - MARCABELÍ" VB #</Process><Process ToolSource="c:\program files (x86)\arcgis\desktop10.2\ArcToolbox\Toolboxes\Data Management Tools.tbx\CalculateField" Date="20190401" Time="104420">CalculateField TP_ABRIL\TP_MARZO trm "BALSAS - MARCABELÍ" VB #</Process><Process ToolSource="c:\program files (x86)\arcgis\desktop10.2\ArcToolbox\Toolboxes\Data Management Tools.tbx\CalculateField" Date="20190401" Time="104937">CalculateField TP_ABRIL\TP_MARZO trm "ELOY ALFARO - SAN LORENZO" VB #</Process><Process ToolSource="c:\program files (x86)\arcgis\desktop10.2\ArcToolbox\Toolboxes\Data Management Tools.tbx\CalculateField" Date="20190401" Time="104957">CalculateField TP_ABRIL\TP_MARZO trm "ELOY ALFARO - RIOVERDE" VB #</Process><Process ToolSource="c:\program files (x86)\arcgis\desktop10.2\ArcToolbox\Toolboxes\Data Management Tools.tbx\CalculateField" Date="20190401" Time="105027">CalculateField TP_ABRIL\TP_MARZO trm "ATACAMES - ESMERALDAS" VB #</Process><Process ToolSource="c:\program files (x86)\arcgis\desktop10.2\ArcToolbox\Toolboxes\Data Management Tools.tbx\CalculateField" Date="20190401" Time="105054">CalculateField TP_ABRIL\TP_MARZO trm "ATACAMES - MUISNE" VB #</Process><Process ToolSource="c:\program files (x86)\arcgis\desktop10.2\ArcToolbox\Toolboxes\Data Management Tools.tbx\CalculateField" Date="20190401" Time="105143">CalculateField TP_ABRIL\TP_MARZO trm "ESMERALDAS - QUININDÉ" VB #</Process><Process ToolSource="c:\program files (x86)\arcgis\desktop10.2\ArcToolbox\Toolboxes\Data Management Tools.tbx\CalculateField" Date="20190401" Time="105210">CalculateField TP_ABRIL\TP_MARZO trm "RIOVERDE - QUININDÉ" VB #</Process><Process ToolSource="c:\program files (x86)\arcgis\desktop10.2\ArcToolbox\Toolboxes\Data Management Tools.tbx\CalculateField" Date="20190401" Time="105241">CalculateField TP_ABRIL\TP_MARZO trm "ELOY ALFARO - QUININDÉ" VB #</Process><Process ToolSource="c:\program files (x86)\arcgis\desktop10.2\ArcToolbox\Toolboxes\Data Management Tools.tbx\CalculateField" Date="20190401" Time="105304">CalculateField TP_ABRIL\TP_MARZO trm "MUISNE - QUININDÉ" VB #</Process><Process ToolSource="c:\program files (x86)\arcgis\desktop10.2\ArcToolbox\Toolboxes\Data Management Tools.tbx\CalculateField" Date="20190401" Time="110112">CalculateField TP_ABRIL\TP_MARZO trm "BALZAR - EL EMPALME" VB #</Process><Process ToolSource="c:\program files (x86)\arcgis\desktop10.2\ArcToolbox\Toolboxes\Data Management Tools.tbx\CalculateField" Date="20190401" Time="110141">CalculateField TP_ABRIL\TP_MARZO trm "BALZAR - COLIMES" VB #</Process><Process ToolSource="c:\program files (x86)\arcgis\desktop10.2\ArcToolbox\Toolboxes\Data Management Tools.tbx\CalculateField" Date="20190401" Time="110226">CalculateField TP_ABRIL\TP_MARZO trm "COLIMES - PALESTINA" VB #</Process><Process ToolSource="c:\program files (x86)\arcgis\desktop10.2\ArcToolbox\Toolboxes\Data Management Tools.tbx\CalculateField" Date="20190401" Time="110259">CalculateField TP_ABRIL\TP_MARZO trm "COLIMES - SANTA LUCÍA" VB #</Process><Process ToolSource="c:\program files (x86)\arcgis\desktop10.2\ArcToolbox\Toolboxes\Data Management Tools.tbx\CalculateField" Date="20190401" Time="110323">CalculateField TP_ABRIL\TP_MARZO trm "COLIMES - PEDRO CARBO" VB #</Process><Process ToolSource="c:\program files (x86)\arcgis\desktop10.2\ArcToolbox\Toolboxes\Data Management Tools.tbx\CalculateField" Date="20190401" Time="110351">CalculateField TP_ABRIL\TP_MARZO trm "SANTA LUCÍA- PEDRO CARBO" VB #</Process><Process ToolSource="c:\program files (x86)\arcgis\desktop10.2\ArcToolbox\Toolboxes\Data Management Tools.tbx\CalculateField" Date="20190401" Time="110358">CalculateField TP_ABRIL\TP_MARZO trm "SANTA LUCÍA - PEDRO CARBO" VB #</Process><Process ToolSource="c:\program files (x86)\arcgis\desktop10.2\ArcToolbox\Toolboxes\Data Management Tools.tbx\CalculateField" Date="20190401" Time="110425">CalculateField TP_ABRIL\TP_MARZO trm "PALESTINA - SANTA LUCÍA" VB #</Process><Process ToolSource="c:\program files (x86)\arcgis\desktop10.2\ArcToolbox\Toolboxes\Data Management Tools.tbx\CalculateField" Date="20190401" Time="110600">CalculateField TP_ABRIL\TP_MARZO trm "ISIDRO AYORA - SANTA LUCÍA" VB #</Process><Process ToolSource="c:\program files (x86)\arcgis\desktop10.2\ArcToolbox\Toolboxes\Data Management Tools.tbx\CalculateField" Date="20190401" Time="110639">CalculateField TP_ABRIL\TP_MARZO trm "PEDRO CARBO - ISIDRO AYORA" VB #</Process><Process ToolSource="c:\program files (x86)\arcgis\desktop10.2\ArcToolbox\Toolboxes\Data Management Tools.tbx\CalculateField" Date="20190401" Time="110722">CalculateField TP_ABRIL\TP_MARZO trm "LOMAS DE SARGENTILLO - SANTA LUCÍA" VB #</Process><Process ToolSource="c:\program files (x86)\arcgis\desktop10.2\ArcToolbox\Toolboxes\Data Management Tools.tbx\CalculateField" Date="20190401" Time="110754">CalculateField TP_ABRIL\TP_MARZO trm "DAULE - SANTA LUCÍA" VB #</Process><Process ToolSource="c:\program files (x86)\arcgis\desktop10.2\ArcToolbox\Toolboxes\Data Management Tools.tbx\CalculateField" Date="20190401" Time="110831">CalculateField TP_ABRIL\TP_MARZO trm "LOMAS DE SARGENTILLO - DAULE" VB #</Process><Process ToolSource="c:\program files (x86)\arcgis\desktop10.2\ArcToolbox\Toolboxes\Data Management Tools.tbx\CalculateField" Date="20190401" Time="110913">CalculateField TP_ABRIL\TP_MARZO trm "SALITRE - SAMBORONDÓN" VB #</Process><Process ToolSource="c:\program files (x86)\arcgis\desktop10.2\ArcToolbox\Toolboxes\Data Management Tools.tbx\CalculateField" Date="20190401" Time="111008">CalculateField TP_ABRIL\TP_MARZO trm "LOMAS DE SARGENTILLO - NOBOL" VB #</Process><Process ToolSource="c:\program files (x86)\arcgis\desktop10.2\ArcToolbox\Toolboxes\Data Management Tools.tbx\CalculateField" Date="20190401" Time="111050">CalculateField TP_ABRIL\TP_MARZO trm "DAULE - SAMBORONDÓN" VB #</Process><Process ToolSource="c:\program files (x86)\arcgis\desktop10.2\ArcToolbox\Toolboxes\Data Management Tools.tbx\CalculateField" Date="20190401" Time="111132">CalculateField TP_ABRIL\TP_MARZO trm "ISIDRO AYORA - NOBOL" VB #</Process><Process ToolSource="c:\program files (x86)\arcgis\desktop10.2\ArcToolbox\Toolboxes\Data Management Tools.tbx\CalculateField" Date="20190401" Time="111213">CalculateField TP_ABRIL\TP_MARZO trm "SAMBORONDÓN - ALFREDO BAQUERIZO MORENO (JUJÁN)" VB #</Process><Process ToolSource="c:\program files (x86)\arcgis\desktop10.2\ArcToolbox\Toolboxes\Data Management Tools.tbx\CalculateField" Date="20190401" Time="111257">CalculateField TP_ABRIL\TP_MARZO trm "SAMBORONDÓN - SAN JACINTO DE YAGUACHI" VB #</Process><Process ToolSource="c:\program files (x86)\arcgis\desktop10.2\ArcToolbox\Toolboxes\Data Management Tools.tbx\CalculateField" Date="20190401" Time="111351">CalculateField TP_ABRIL\TP_MARZO trm "ALFREDO BAQUERIZO MORENO (JUNÁN) - SAN JACINTO DE YAGUACHI" VB #</Process><Process ToolSource="c:\program files (x86)\arcgis\desktop10.2\ArcToolbox\Toolboxes\Data Management Tools.tbx\CalculateField" Date="20190401" Time="111432">CalculateField TP_ABRIL\TP_MARZO trm "SIMÓN BOLÍVAR - ALFREDO BAQUERIZO MORENO (JUNÁN)" VB #</Process><Process ToolSource="c:\program files (x86)\arcgis\desktop10.2\ArcToolbox\Toolboxes\Data Management Tools.tbx\CalculateField" Date="20190401" Time="111506">CalculateField TP_ABRIL\TP_MARZO trm "MILAGRO - ALFREDO BAQUERIZO MORENO (JUNÁN)" VB #</Process><Process ToolSource="c:\program files (x86)\arcgis\desktop10.2\ArcToolbox\Toolboxes\Data Management Tools.tbx\CalculateField" Date="20190401" Time="111604">CalculateField TP_ABRIL\TP_MARZO trm "MILAGRO - SIMÓN BOLÍVAR" VB #</Process><Process ToolSource="c:\program files (x86)\arcgis\desktop10.2\ArcToolbox\Toolboxes\Data Management Tools.tbx\CalculateField" Date="20190401" Time="111846">CalculateField TP_ABRIL\TP_MARZO trm "NARANJITO - SIMÓN BOLÍVAR" VB #</Process><Process ToolSource="c:\program files (x86)\arcgis\desktop10.2\ArcToolbox\Toolboxes\Data Management Tools.tbx\CalculateField" Date="20190401" Time="112232">CalculateField TP_ABRIL\TP_MARZO trm "DURÁN - SAN JACINTO DE YAGUACHI" VB #</Process><Process ToolSource="c:\program files (x86)\arcgis\desktop10.2\ArcToolbox\Toolboxes\Data Management Tools.tbx\CalculateField" Date="20190401" Time="112304">CalculateField TP_ABRIL\TP_MARZO trm "CORONEL MARCELINO MARIDUEÑA - NARANJITO" VB #</Process><Process ToolSource="c:\program files (x86)\arcgis\desktop10.2\ArcToolbox\Toolboxes\Data Management Tools.tbx\CalculateField" Date="20190401" Time="112349">CalculateField TP_ABRIL\TP_MARZO trm "CORONEL MARCELINO MARIDUEÑA - SAN JACINTO DE YAHUACHI" VB #</Process><Process ToolSource="c:\program files (x86)\arcgis\desktop10.2\ArcToolbox\Toolboxes\Data Management Tools.tbx\CalculateField" Date="20190401" Time="112435">CalculateField TP_ABRIL\TP_MARZO trm "EL TRIUNFO - SAN JACINTO DE YAGUACHI" VB #</Process><Process ToolSource="c:\program files (x86)\arcgis\desktop10.2\ArcToolbox\Toolboxes\Data Management Tools.tbx\CalculateField" Date="20190401" Time="112503">CalculateField TP_ABRIL\TP_MARZO trm "CORONE MARCELINO MARIDUEÑA - EL TRIUNFO" VB #</Process><Process ToolSource="c:\program files (x86)\arcgis\desktop10.2\ArcToolbox\Toolboxes\Data Management Tools.tbx\CalculateField" Date="20190401" Time="112603">CalculateField TP_ABRIL\TP_MARZO trm "EL TRIUNFO - NARANJAL" VB #</Process><Process ToolSource="c:\program files (x86)\arcgis\desktop10.2\ArcToolbox\Toolboxes\Data Management Tools.tbx\CalculateField" Date="20190401" Time="112643">CalculateField TP_ABRIL\TP_MARZO trm "GUAYAQUIL - DURÁN" VB #</Process><Process ToolSource="c:\program files (x86)\arcgis\desktop10.2\ArcToolbox\Toolboxes\Data Management Tools.tbx\CalculateField" Date="20190401" Time="112811">CalculateField TP_ABRIL\TP_MARZO trm "GUAYAQUIL - PLAYAS" VB #</Process><Process ToolSource="c:\program files (x86)\arcgis\desktop10.2\ArcToolbox\Toolboxes\Data Management Tools.tbx\CalculateField" Date="20190401" Time="112843">CalculateField TP_ABRIL\TP_MARZO trm "BALAO - NARANJAL" VB #</Process><Process ToolSource="c:\program files (x86)\arcgis\desktop10.2\ArcToolbox\Toolboxes\Data Management Tools.tbx\CalculateField" Date="20190401" Time="112921">CalculateField TP_ABRIL\TP_MARZO trm "BALAO - GUAYAQUIL" VB #</Process><Process ToolSource="c:\program files (x86)\arcgis\desktop10.2\ArcToolbox\Toolboxes\Data Management Tools.tbx\CalculateField" Date="20190401" Time="113045">CalculateField TP_ABRIL\TP_MARZO trm "GENERAL ANTONIO ELIZALDE - NARANJITO" VB #</Process><Process ToolSource="c:\program files (x86)\arcgis\desktop10.2\ArcToolbox\Toolboxes\Data Management Tools.tbx\CalculateField" Date="20190401" Time="113114">CalculateField TP_ABRIL\TP_MARZO trm "GENERAL ANTONIO ELIZALDE - SIMÓN BOLÍVAR" VB #</Process><Process ToolSource="c:\program files (x86)\arcgis\desktop10.2\ArcToolbox\Toolboxes\Data Management Tools.tbx\CalculateField" Date="20190401" Time="114244">CalculateField TP_ABRIL\TP_MARZO trm "SAN MIGUEL DE URCUQUÍ - IBARRA" VB #</Process><Process ToolSource="c:\program files (x86)\arcgis\desktop10.2\ArcToolbox\Toolboxes\Data Management Tools.tbx\CalculateField" Date="20190401" Time="114310">CalculateField TP_ABRIL\TP_MARZO trm "COTACACHI - SAN MIGUEL DE URCUQUÍ" VB #</Process><Process ToolSource="c:\program files (x86)\arcgis\desktop10.2\ArcToolbox\Toolboxes\Data Management Tools.tbx\CalculateField" Date="20190401" Time="115018">CalculateField TP_ABRIL\TP_MARZO trm "CALVAS - GONZANAMÁ" VB #</Process><Process ToolSource="c:\program files (x86)\arcgis\desktop10.2\ArcToolbox\Toolboxes\Data Management Tools.tbx\CalculateField" Date="20190401" Time="115128">CalculateField TP_ABRIL\TP_MARZO trm "MACARÁ - SOZORANGA" VB #</Process><Process ToolSource="c:\program files (x86)\arcgis\desktop10.2\ArcToolbox\Toolboxes\Data Management Tools.tbx\CalculateField" Date="20190401" Time="115155">CalculateField TP_ABRIL\TP_MARZO trm "GONZANAMÁ - QUILANGA" VB #</Process><Process ToolSource="c:\program files (x86)\arcgis\desktop10.2\ArcToolbox\Toolboxes\Data Management Tools.tbx\CalculateField" Date="20190401" Time="115244">CalculateField TP_ABRIL\TP_MARZO trm "ESPÍNDOLA - QUILANGA" VB #</Process><Process ToolSource="c:\program files (x86)\arcgis\desktop10.2\ArcToolbox\Toolboxes\Data Management Tools.tbx\CalculateField" Date="20190401" Time="115322">CalculateField TP_ABRIL\TP_MARZO trm "ESPÍNDOLA - LOJA" VB #</Process><Process ToolSource="c:\program files (x86)\arcgis\desktop10.2\ArcToolbox\Toolboxes\Data Management Tools.tbx\CalculateField" Date="20190401" Time="152356">CalculateField TP_ABRIL\TP_MARZO trm "VALENCIA - QUEVEDO" VB #</Process><Process ToolSource="c:\program files (x86)\arcgis\desktop10.2\ArcToolbox\Toolboxes\Data Management Tools.tbx\CalculateField" Date="20190401" Time="153711">CalculateField TP_ABRIL\TP_MARZO trm "QUEVEDO - MOCACHE" VB #</Process><Process ToolSource="c:\program files (x86)\arcgis\desktop10.2\ArcToolbox\Toolboxes\Data Management Tools.tbx\CalculateField" Date="20190401" Time="153751">CalculateField TP_ABRIL\TP_MARZO trm "QUEVEDO - VENTANAS" VB #</Process><Process ToolSource="c:\program files (x86)\arcgis\desktop10.2\ArcToolbox\Toolboxes\Data Management Tools.tbx\CalculateField" Date="20190401" Time="153819">CalculateField TP_ABRIL\TP_MARZO trm "VENTANAS - QUINSALOMA" VB #</Process><Process ToolSource="c:\program files (x86)\arcgis\desktop10.2\ArcToolbox\Toolboxes\Data Management Tools.tbx\CalculateField" Date="20190401" Time="153853">CalculateField TP_ABRIL\TP_MARZO trm "MOCACHE- VENTANAS" VB #</Process><Process ToolSource="c:\program files (x86)\arcgis\desktop10.2\ArcToolbox\Toolboxes\Data Management Tools.tbx\CalculateField" Date="20190401" Time="153917">CalculateField TP_ABRIL\TP_MARZO trm "MOCACHE - VINCES" VB #</Process><Process ToolSource="c:\program files (x86)\arcgis\desktop10.2\ArcToolbox\Toolboxes\Data Management Tools.tbx\CalculateField" Date="20190401" Time="154006">CalculateField TP_ABRIL\TP_MARZO trm "PUEBLOVIEJO- VENTANAS" VB #</Process><Process ToolSource="c:\program files (x86)\arcgis\desktop10.2\ArcToolbox\Toolboxes\Data Management Tools.tbx\CalculateField" Date="20190401" Time="154014">CalculateField TP_ABRIL\TP_MARZO trm "PUEBLOVIEJO - VENTANAS" VB #</Process><Process ToolSource="c:\program files (x86)\arcgis\desktop10.2\ArcToolbox\Toolboxes\Data Management Tools.tbx\CalculateField" Date="20190401" Time="154119">CalculateField TP_ABRIL\TP_MARZO trm "VENTANAS - URDANETA" VB #</Process><Process ToolSource="c:\program files (x86)\arcgis\desktop10.2\ArcToolbox\Toolboxes\Data Management Tools.tbx\CalculateField" Date="20190401" Time="154148">CalculateField TP_ABRIL\TP_MARZO trm "PUEBLOVIEJO -  URDANETA" VB #</Process><Process ToolSource="c:\program files (x86)\arcgis\desktop10.2\ArcToolbox\Toolboxes\Data Management Tools.tbx\CalculateField" Date="20190401" Time="154201">CalculateField TP_ABRIL\TP_MARZO trm "PUEBLOVIEJO - URDANETA" VB #</Process><Process ToolSource="c:\program files (x86)\arcgis\desktop10.2\ArcToolbox\Toolboxes\Data Management Tools.tbx\CalculateField" Date="20190401" Time="154227">CalculateField TP_ABRIL\TP_MARZO trm "URDANETA - BABAHOYO" VB #</Process><Process ToolSource="c:\program files (x86)\arcgis\desktop10.2\ArcToolbox\Toolboxes\Data Management Tools.tbx\CalculateField" Date="20190401" Time="154250">CalculateField TP_ABRIL\TP_MARZO trm "PUEBLOVIEJO - BABAHOYO" VB #</Process><Process ToolSource="c:\program files (x86)\arcgis\desktop10.2\ArcToolbox\Toolboxes\Data Management Tools.tbx\CalculateField" Date="20190401" Time="154315">CalculateField TP_ABRIL\TP_MARZO trm "BABAHOYO - MONTALVO" VB #</Process><Process ToolSource="c:\program files (x86)\arcgis\desktop10.2\ArcToolbox\Toolboxes\Data Management Tools.tbx\CalculateField" Date="20190401" Time="160757">CalculateField TP_ABRIL\TP_MARZO trm "CHONE - PEDERNALES" VB #</Process><Process ToolSource="c:\program files (x86)\arcgis\desktop10.2\ArcToolbox\Toolboxes\Data Management Tools.tbx\CalculateField" Date="20190401" Time="160833">CalculateField TP_ABRIL\TP_MARZO trm "CHONE - EL CARMEN" VB #</Process><Process ToolSource="c:\program files (x86)\arcgis\desktop10.2\ArcToolbox\Toolboxes\Data Management Tools.tbx\CalculateField" Date="20190401" Time="160924">CalculateField TP_ABRIL\TP_MARZO trm "CHONE - FLAVIO ALFARO" VB #</Process><Process ToolSource="c:\program files (x86)\arcgis\desktop10.2\ArcToolbox\Toolboxes\Data Management Tools.tbx\CalculateField" Date="20190401" Time="160953">CalculateField TP_ABRIL\TP_MARZO trm "EL CARMEN - FLAVIO ALFARO" VB #</Process><Process ToolSource="c:\program files (x86)\arcgis\desktop10.2\ArcToolbox\Toolboxes\Data Management Tools.tbx\CalculateField" Date="20190401" Time="161028">CalculateField TP_ABRIL\TP_MARZO trm "JAMA - SAN VICENTE" VB #</Process><Process ToolSource="c:\program files (x86)\arcgis\desktop10.2\ArcToolbox\Toolboxes\Data Management Tools.tbx\CalculateField" Date="20190401" Time="161054">CalculateField TP_ABRIL\TP_MARZO trm "JAMA - SUCRE" VB #</Process><Process ToolSource="c:\program files (x86)\arcgis\desktop10.2\ArcToolbox\Toolboxes\Data Management Tools.tbx\CalculateField" Date="20190401" Time="161124">CalculateField TP_ABRIL\TP_MARZO trm "CHONE- SUCRE" VB #</Process><Process ToolSource="c:\program files (x86)\arcgis\desktop10.2\ArcToolbox\Toolboxes\Data Management Tools.tbx\CalculateField" Date="20190401" Time="161244">CalculateField TP_ABRIL\TP_MARZO trm "CHONE - SUCRE" VB #</Process><Process ToolSource="c:\program files (x86)\arcgis\desktop10.2\ArcToolbox\Toolboxes\Data Management Tools.tbx\CalculateField" Date="20190401" Time="161323">CalculateField TP_ABRIL\TP_MARZO trm "SAN VICENTE - SUCRE" VB #</Process><Process ToolSource="c:\program files (x86)\arcgis\desktop10.2\ArcToolbox\Toolboxes\Data Management Tools.tbx\CalculateField" Date="20190401" Time="161449">CalculateField TP_ABRIL\TP_MARZO trm "CHONE - SAN VICENTE" VB #</Process><Process ToolSource="c:\program files (x86)\arcgis\desktop10.2\ArcToolbox\Toolboxes\Data Management Tools.tbx\CalculateField" Date="20190401" Time="161517">CalculateField TP_ABRIL\TP_MARZO trm "CHONE - PICHINCHA" VB #</Process><Process ToolSource="c:\program files (x86)\arcgis\desktop10.2\ArcToolbox\Toolboxes\Data Management Tools.tbx\CalculateField" Date="20190401" Time="161613">CalculateField TP_ABRIL\TP_MARZO trm "CHONE - TOSAGUA" VB #</Process><Process ToolSource="c:\program files (x86)\arcgis\desktop10.2\ArcToolbox\Toolboxes\Data Management Tools.tbx\CalculateField" Date="20190401" Time="161643">CalculateField TP_ABRIL\TP_MARZO trm "CHONE - BOLÍVAR" VB #</Process><Process ToolSource="c:\program files (x86)\arcgis\desktop10.2\ArcToolbox\Toolboxes\Data Management Tools.tbx\CalculateField" Date="20190401" Time="161705">CalculateField TP_ABRIL\TP_MARZO trm "SUCRE - TOSAGUA" VB #</Process><Process ToolSource="c:\program files (x86)\arcgis\desktop10.2\ArcToolbox\Toolboxes\Data Management Tools.tbx\CalculateField" Date="20190401" Time="161733">CalculateField TP_ABRIL\TP_MARZO trm "BOLÍVAR - TOSAGUA" VB #</Process><Process ToolSource="c:\program files (x86)\arcgis\desktop10.2\ArcToolbox\Toolboxes\Data Management Tools.tbx\CalculateField" Date="20190401" Time="161815">CalculateField TP_ABRIL\TP_MARZO trm "BOLÍVAR - PICHINCHA" VB #</Process><Process ToolSource="c:\program files (x86)\arcgis\desktop10.2\ArcToolbox\Toolboxes\Data Management Tools.tbx\CalculateField" Date="20190401" Time="161931">CalculateField TP_ABRIL\TP_MARZO trm "JUNÍN - TOSAGUA" VB #</Process><Process ToolSource="c:\program files (x86)\arcgis\desktop10.2\ArcToolbox\Toolboxes\Data Management Tools.tbx\CalculateField" Date="20190401" Time="162010">CalculateField TP_ABRIL\TP_MARZO trm "BOLÍVAR - JUNÍN" VB #</Process><Process ToolSource="c:\program files (x86)\arcgis\desktop10.2\ArcToolbox\Toolboxes\Data Management Tools.tbx\CalculateField" Date="20190401" Time="162050">CalculateField TP_ABRIL\TP_MARZO trm "JUNÍN - ROCAFUERTE" VB #</Process><Process ToolSource="c:\program files (x86)\arcgis\desktop10.2\ArcToolbox\Toolboxes\Data Management Tools.tbx\CalculateField" Date="20190401" Time="162112">CalculateField TP_ABRIL\TP_MARZO trm "JUNÍN - PORTOVIEJO" VB #</Process><Process ToolSource="c:\program files (x86)\arcgis\desktop10.2\ArcToolbox\Toolboxes\Data Management Tools.tbx\CalculateField" Date="20190401" Time="162447">CalculateField TP_ABRIL\TP_MARZO trm "BOLÍVAR - PORTOVIEJO" VB #</Process><Process ToolSource="c:\program files (x86)\arcgis\desktop10.2\ArcToolbox\Toolboxes\Data Management Tools.tbx\CalculateField" Date="20190401" Time="162511">CalculateField TP_ABRIL\TP_MARZO trm "JARAMIJÓ - MANTA" VB #</Process><Process ToolSource="c:\program files (x86)\arcgis\desktop10.2\ArcToolbox\Toolboxes\Data Management Tools.tbx\CalculateField" Date="20190401" Time="162531">CalculateField TP_ABRIL\TP_MARZO trm "JARAMIJÓ - PORTOVIEJO" VB #</Process><Process ToolSource="c:\program files (x86)\arcgis\desktop10.2\ArcToolbox\Toolboxes\Data Management Tools.tbx\CalculateField" Date="20190401" Time="162553">CalculateField TP_ABRIL\TP_MARZO trm "JARAMIJÓ - MONTECRISTI" VB #</Process><Process ToolSource="c:\program files (x86)\arcgis\desktop10.2\ArcToolbox\Toolboxes\Data Management Tools.tbx\CalculateField" Date="20190401" Time="162805">CalculateField TP_ABRIL\TP_MARZO trm "JIPIJAPA- PUERTO LÓPEZ" VB #</Process><Process ToolSource="c:\program files (x86)\arcgis\desktop10.2\ArcToolbox\Toolboxes\Data Management Tools.tbx\CalculateField" Date="20190401" Time="162812">CalculateField TP_ABRIL\TP_MARZO trm "JIPIJAPA - PUERTO LÓPEZ" VB #</Process><Process ToolSource="c:\program files (x86)\arcgis\desktop10.2\ArcToolbox\Toolboxes\Data Management Tools.tbx\CalculateField" Date="20190401" Time="162844">CalculateField TP_ABRIL\TP_MARZO trm "JIPIJAPA - PAJÁN" VB #</Process><Process ToolSource="c:\program files (x86)\arcgis\desktop10.2\ArcToolbox\Toolboxes\Data Management Tools.tbx\CalculateField" Date="20190401" Time="162919">CalculateField TP_ABRIL\TP_MARZO trm "24 DE MAYO - PAJÁN" VB #</Process><Process ToolSource="c:\program files (x86)\arcgis\desktop10.2\ArcToolbox\Toolboxes\Data Management Tools.tbx\CalculateField" Date="20190401" Time="162948">CalculateField TP_ABRIL\TP_MARZO trm "OLMEDO - PAJÁN" VB #</Process><Process ToolSource="c:\program files (x86)\arcgis\desktop10.2\ArcToolbox\Toolboxes\Data Management Tools.tbx\CalculateField" Date="20190402" Time="093026">CalculateField TP_ABRIL\TP_MARZO elt "ORDENANZA MUNICIPAL" VB #</Process><Process ToolSource="c:\program files (x86)\arcgis\desktop10.2\ArcToolbox\Toolboxes\Data Management Tools.tbx\CalculateField" Date="20190403" Time="084659">CalculateField TP_ABRIL\TP_MARZO trm "MORONA - SUCÚA" VB #</Process><Process ToolSource="c:\program files (x86)\arcgis\desktop10.2\ArcToolbox\Toolboxes\Data Management Tools.tbx\CalculateField" Date="20190403" Time="084726">CalculateField TP_ABRIL\TP_MARZO trm "SUCÚA - SANTIAGO" VB #</Process><Process ToolSource="c:\program files (x86)\arcgis\desktop10.2\ArcToolbox\Toolboxes\Data Management Tools.tbx\CalculateField" Date="20190403" Time="084759">CalculateField TP_ABRIL\TP_MARZO trm "SUCÚA - LOGROÑO" VB #</Process><Process ToolSource="c:\program files (x86)\arcgis\desktop10.2\ArcToolbox\Toolboxes\Data Management Tools.tbx\CalculateField" Date="20190403" Time="084830">CalculateField TP_ABRIL\TP_MARZO trm "SANTIAGO - LIMÓN INDANZA" VB #</Process><Process ToolSource="c:\program files (x86)\arcgis\desktop10.2\ArcToolbox\Toolboxes\Data Management Tools.tbx\CalculateField" Date="20190403" Time="084935">CalculateField TP_ABRIL\TP_MARZO trm "LIMÓN INDANZA - TWINTZA" VB #</Process><Process ToolSource="c:\program files (x86)\arcgis\desktop10.2\ArcToolbox\Toolboxes\Data Management Tools.tbx\CalculateField" Date="20190403" Time="085014">CalculateField TP_ABRIL\TP_MARZO trm "LIMÓN INDANZA - SAN JUAN BOSCO" VB #</Process><Process ToolSource="c:\program files (x86)\arcgis\desktop10.2\ArcToolbox\Toolboxes\Data Management Tools.tbx\CalculateField" Date="20190403" Time="085557">CalculateField TP_ABRIL\TP_MARZO trm "MEJÍA - DISTRITO METROPOLITANO DE QUITO" VB #</Process><Process ToolSource="c:\program files (x86)\arcgis\desktop10.2\ArcToolbox\Toolboxes\Data Management Tools.tbx\CalculateField" Date="20190403" Time="085617">CalculateField TP_ABRIL\TP_MARZO trm "MEJÍA - RUMIÑAHUI" VB #</Process><Process ToolSource="c:\program files (x86)\arcgis\desktop10.2\ArcToolbox\Toolboxes\Data Management Tools.tbx\CalculateField" Date="20190403" Time="090122">CalculateField TP_ABRIL\TP_MARZO trm "PATATE- SANTIAGO DE PÍLLARO" VB #</Process><Process ToolSource="c:\program files (x86)\arcgis\desktop10.2\ArcToolbox\Toolboxes\Data Management Tools.tbx\CalculateField" Date="20190403" Time="090926">CalculateField TP_ABRIL\TP_MARZO trm "YANTZAZA - CENTINELA DEL CÓNDOR" VB #</Process><Process ToolSource="c:\program files (x86)\arcgis\desktop10.2\ArcToolbox\Toolboxes\Data Management Tools.tbx\CalculateField" Date="20190403" Time="091008">CalculateField TP_ABRIL\TP_MARZO trm "CENTINELA DEL CÓNDOR - ZAMORA" VB #</Process><Process ToolSource="c:\program files (x86)\arcgis\desktop10.2\ArcToolbox\Toolboxes\Data Management Tools.tbx\CalculateField" Date="20190403" Time="091036">CalculateField TP_ABRIL\TP_MARZO trm "PAQUISHA - CENTINELA DEL CÓNDOR" VB #</Process><Process ToolSource="c:\program files (x86)\arcgis\desktop10.2\ArcToolbox\Toolboxes\Data Management Tools.tbx\CalculateField" Date="20190403" Time="091110">CalculateField TP_ABRIL\TP_MARZO trm "CENTINELA DEL CÓNDOR - NANGARITZA" VB #</Process><Process ToolSource="c:\program files (x86)\arcgis\desktop10.2\ArcToolbox\Toolboxes\Data Management Tools.tbx\CalculateField" Date="20190403" Time="091347">CalculateField TP_ABRIL\TP_MARZO trm "GONZALO PIZARRO - SUCUMBÍOS" VB #</Process><Process ToolSource="c:\program files (x86)\arcgis\desktop10.2\ArcToolbox\Toolboxes\Data Management Tools.tbx\CalculateField" Date="20190403" Time="091750">CalculateField TP_ABRIL\TP_MARZO trm "LA JOYA DE LOS SACHAS - FRANCISCO DE ORELLANA" VB #</Process><Process ToolSource="c:\program files (x86)\arcgis\desktop10.2\ArcToolbox\Toolboxes\Data Management Tools.tbx\CalculateField" Date="20190403" Time="091818">CalculateField TP_ABRIL\TP_MARZO trm "LORETO - FRANCISCO DE ORELLANA" VB #</Process><Process ToolSource="c:\program files (x86)\arcgis\desktop10.2\ArcToolbox\Toolboxes\Data Management Tools.tbx\CalculateField" Date="20190403" Time="091843">CalculateField TP_ABRIL\TP_MARZO trm "AGUARICO - FRANCISCO DE ORELLANA" VB #</Process><Process ToolSource="c:\program files (x86)\arcgis\desktop10.2\ArcToolbox\Toolboxes\Data Management Tools.tbx\CalculateField" Date="20190403" Time="092101">CalculateField TP_ABRIL\TP_MARZO trm "LA LIBERTAD - SALINAS" VB #</Process><Process ToolSource="c:\program files (x86)\arcgis\desktop10.2\ArcToolbox\Toolboxes\Data Management Tools.tbx\CalculateField" Date="20190403" Time="092143">CalculateField TP_ABRIL\TP_MARZO trm "SANTA ELENA - LA LIBERTAD" VB #</Process><Process ToolSource="c:\program files (x86)\arcgis\desktop10.2\ArcToolbox\Toolboxes\Data Management Tools.tbx\CalculateField" Date="20190408" Time="142011">CalculateField TP_ABRIL\TP_MARZO trm "EL CARMEN DE PIJILÍ - SHAGLLI" VB #</Process><Process ToolSource="c:\program files (x86)\arcgis\desktop10.2\ArcToolbox\Toolboxes\Data Management Tools.tbx\CalculateField" Date="20190408" Time="142058">CalculateField TP_ABRIL\TP_MARZO trm "SAN SALVADOR DE CAÑARIBAMBA - SHAGLLI" VB #</Process><Process ToolSource="c:\program files (x86)\arcgis\desktop10.2\ArcToolbox\Toolboxes\Data Management Tools.tbx\CalculateField" Date="20190408" Time="142708">CalculateField TP_ABRIL\TP_MARZO trm "CONSTANTINO FERNANDEZ - SAN BARTOLOME DE PINLLO" VB #</Process><Process ToolSource="c:\program files (x86)\arcgis\desktop10.2\ArcToolbox\Toolboxes\Data Management Tools.tbx\CalculateField" Date="20190408" Time="142725">CalculateField TP_ABRIL\TP_MARZO trm "CONSTANTINO FERNÁNDEZ - SAN BARTOLOME DE PINLLO" VB #</Process><Process ToolSource="c:\program files (x86)\arcgis\desktop10.2\ArcToolbox\Toolboxes\Data Management Tools.tbx\CalculateField" Date="20190408" Time="142824">CalculateField TP_ABRIL\TP_MARZO trm "AMBATILLO - SAN BARTOLOME DE PINLLO" VB #</Process><Process ToolSource="c:\program files (x86)\arcgis\desktop10.2\ArcToolbox\Toolboxes\Data Management Tools.tbx\CalculateField" Date="20190408" Time="143010">CalculateField TP_ABRIL\TP_MARZO trm "AMBATILLO - SAN BARTOLOMÉ DE PINLLO" VB #</Process><Process ToolSource="c:\program files (x86)\arcgis\desktop10.2\ArcToolbox\Toolboxes\Data Management Tools.tbx\CalculateField" Date="20190408" Time="143052">CalculateField TP_ABRIL\TP_MARZO trm "AMBATO - SAN BARTOLOMÉ DE PINLLO" VB #</Process><Process ToolSource="c:\program files (x86)\arcgis\desktop10.2\ArcToolbox\Toolboxes\Data Management Tools.tbx\CalculateField" Date="20190408" Time="143147">CalculateField TP_ABRIL\TP_MARZO trm "CONSTANTINO FERNÁNDEZ - SAN BARTOLOMÉ DE PINLLO" VB #</Process><Process ToolSource="c:\program files (x86)\arcgis\desktop10.2\ArcToolbox\Toolboxes\Data Management Tools.tbx\CalculateField" Date="20190408" Time="143319">CalculateField TP_ABRIL\TP_MARZO trm "RUMIPAMBA - YANAYACU MOCHAPATA" VB #</Process><Process ToolSource="c:\program files (x86)\arcgis\desktop10.2\ArcToolbox\Toolboxes\Data Management Tools.tbx\CalculateField" Date="20190408" Time="143438">CalculateField TP_ABRIL\TP_MARZO trm "TRIUNFO DORADO - ZUMBI" VB #</Process></lineage></DataProperties><SyncDate>20190408</SyncDate><SyncTime>15011900</SyncTime><ModDate>20190408</ModDate><ModTime>15011900</ModTime></Esri><dataIdInfo><envirDesc Sync="TRUE">Microsoft Windows 7 Version 6.1 (Build 7601) Service Pack 1; Esri ArcGIS 10.2.2.3552</envirDesc><dataLang><languageCode value="spa" Sync="TRUE"></languageCode><countryCode value="ESP" Sync="TRUE"></countryCode></dataLang><idCitation><resTitle Sync="TRUE">OT_PROV_ABRIL_2019</resTitle><presForm><PresFormCd value="005" Sync="TRUE"></PresFormCd></presForm></idCitation><spatRpType><SpatRepTypCd value="001" Sync="TRUE"></SpatRepTypCd></spatRpType></dataIdInfo><mdLang><languageCode value="spa" Sync="TRUE"></languageCode><countryCode value="ESP" Sync="TRUE"></countryCode></mdLang><distInfo><distFormat><formatName Sync="TRUE">Shapefile</formatName></distFormat><distTranOps><transSize Sync="TRUE">0.000</transSize></distTranOps></distInfo><mdHrLv><ScopeCd value="005" Sync="TRUE"></ScopeCd></mdHrLv><mdHrLvName Sync="TRUE">dataset</mdHrLvName><refSysInfo><RefSystem><refSysID><identCode code="32717" Sync="TRUE"></identCode><idCodeSpace Sync="TRUE">EPSG</idCodeSpace><idVersion Sync="TRUE">8.2.6</idVersion></refSysID></RefSystem></refSysInfo><spatRepInfo><VectSpatRep><geometObjs Name="OT_PROV_ABRIL_2019"><geoObjTyp><GeoObjTypCd value="002" Sync="TRUE"></GeoObjTypCd></geoObjTyp><geoObjCnt Sync="TRUE">0</geoObjCnt></geometObjs><topLvl><TopoLevCd value="001" Sync="TRUE"></TopoLevCd></topLvl></VectSpatRep></spatRepInfo><spdoinfo><ptvctinf><esriterm Name="OT_PROV_ABRIL_2019"><efeatyp Sync="TRUE">Simple</efeatyp><efeageom code="4" Sync="TRUE"></efeageom><esritopo Sync="TRUE">FALSE</esritopo><efeacnt Sync="TRUE">0</efeacnt><spindex Sync="TRUE">FALSE</spindex><linrefer Sync="TRUE">FALSE</linrefer></esriterm></ptvctinf></spdoinfo><eainfo><detailed Name="OT_PROV_ABRIL_2019"><enttyp><enttypl Sync="TRUE">OT_PROV_ABRIL_2019</enttypl><enttypt Sync="TRUE">Feature Class</enttypt><enttypc Sync="TRUE">0</enttypc></enttyp><attr><attrlabl Sync="TRUE">FID</attrlabl><attalias Sync="TRUE">FID</attalias><attrtype Sync="TRUE">OID</attrtype><attwidth Sync="TRUE">4</attwidth><atprecis Sync="TRUE">0</atprecis><attscale Sync="TRUE">0</attscale><attrdef Sync="TRUE">Internal feature number.</attrdef><attrdefs Sync="TRUE">Esri</attrdefs><attrdomv><udom Sync="TRUE">Sequential unique whole numbers that are automatically generated.</udom></attrdomv></attr><attr><attrlabl Sync="TRUE">Shape</attrlabl><attalias Sync="TRUE">Shape</attalias><attrtype Sync="TRUE">Geometry</attrtype><attwidth Sync="TRUE">0</attwidth><atprecis Sync="TRUE">0</atprecis><attscale Sync="TRUE">0</attscale><attrdef Sync="TRUE">Feature geometry.</attrdef><attrdefs Sync="TRUE">Esri</attrdefs><attrdomv><udom Sync="TRUE">Coordinates defining the features.</udom></attrdomv></attr><attr><attrlabl Sync="TRUE">DPA_PROVIN</attrlabl><attalias Sync="TRUE">DPA_PROVIN</attalias><attrtype Sync="TRUE">String</attrtype><attwidth Sync="TRUE">254</attwidth><atprecis Sync="TRUE">0</atprecis><attscale Sync="TRUE">0</attscale></attr><attr><attrlabl Sync="TRUE">DPA_DESPRO</attrlabl><attalias Sync="TRUE">DPA_DESPRO</attalias><attrtype Sync="TRUE">String</attrtype><attwidth Sync="TRUE">254</attwidth><atprecis Sync="TRUE">0</atprecis><attscale Sync="TRUE">0</attscale></attr><attr><attrlabl Sync="TRUE">DPA_ANIO</attrlabl><attalias Sync="TRUE">DPA_ANIO</attalias><attrtype Sync="TRUE">String</attrtype><attwidth Sync="TRUE">4</attwidth><atprecis Sync="TRUE">0</atprecis><attscale Sync="TRUE">0</attscale></attr></detailed></eainfo><mdDateSt Sync="TRUE">20190408</mdDateSt></metadata>
